,Predicci√≥n,Precio Real
1,11.753288160015952,$127.171K
2,12.061074067546503,$173.005K
3,12.11642414180039,$182.850K
4,12.281796795342615,$215.733K
5,12.218181362099159,$202.436K
6,12.144693825792608,$188.093K
7,12.256798954520766,$210.407K
8,12.130609597968505,$185.463K
9,12.247051426521265,$208.366K
10,11.76529911854238,$128.708K
11,12.277985586442874,$214.912K
12,11.665978681710222,$116.539K
13,11.591915732540846,$108.219K
14,12.021113946624013,$166.228K
15,11.789592505971402,$131.873K
16,12.854445852698035,$382.485K
17,12.454899543553749,$256.504K
18,12.700084849285904,$327.776K
19,12.65361089098225,$312.891K
20,13.126527111372173,$502.086K
21,12.71833696601067,$333.813K
22,12.320119365612854,$224.161K
23,12.15148506389097,$189.375K
24,12.11976861534339,$183.463K
25,12.305728703872177,$220.958K
26,12.309872056392422,$221.876K
27,12.748395806096209,$344.000K
28,12.443277842103399,$253.540K
29,12.214675345806631,$201.728K
30,12.44880951722398,$254.947K
31,12.288686126764198,$217.224K
32,11.507317240177066,$99.441K
33,12.302673290140243,$220.284K
34,12.667682081369403,$317.325K
35,12.604739325823587,$297.967K
36,12.439934262162478,$252.694K
37,12.131218503870079,$185.576K
38,12.094754372053297,$178.931K
39,12.100899444035509,$180.034K
40,12.06555433535186,$173.782K
41,12.139696190409762,$187.156K
42,12.076332004023136,$175.665K
43,12.637595667992262,$307.920K
44,12.520344734098723,$273.852K
45,12.424621007927666,$248.854K
46,12.28163227088148,$215.698K
47,12.472291342998886,$261.004K
48,12.28881789144647,$217.253K
49,12.05653159237308,$172.221K
50,11.908775381467446,$148.565K
51,11.988448434633149,$160.886K
52,12.154306260502022,$189.910K
53,11.99215775999114,$161.483K
54,11.956570904671466,$155.838K
55,12.21995042229343,$202.795K
56,12.027503213279774,$167.293K
57,12.109705339644808,$181.626K
58,11.886193028873361,$145.247K
59,12.329724016481293,$226.324K
60,11.839444336200794,$138.613K
61,11.78616413306059,$131.421K
62,12.188657626731885,$196.547K
63,11.634652899822274,$112.945K
64,11.80467361115674,$133.877K
65,11.692345017573862,$119.652K
66,11.60901505199729,$110.086K
67,11.624239434862055,$111.775K
68,12.014838320245257,$165.188K
69,11.927429036844355,$151.362K
70,12.303577062740343,$220.483K
71,11.768073383474654,$129.065K
72,11.69043129681559,$119.424K
73,12.064334044611364,$173.570K
74,11.884020090941661,$144.932K
75,11.991275753645573,$161.341K
76,11.73538748898233,$124.915K
77,11.067384889566629,$64.048K
78,11.93635296785271,$152.719K
79,12.324740175271026,$225.199K
80,11.460373898450044,$94.881K
81,11.911818072648574,$149.017K
82,11.880954893944356,$144.488K
83,12.116426214328868,$182.851K
84,11.502072835630125,$98.921K
85,11.705125855971389,$121.191K
86,11.925872576994644,$151.127K
87,11.877152389965442,$143.940K
88,11.854660614649841,$140.739K
89,11.752389264840351,$127.057K
90,11.84160584717428,$138.913K
91,11.833459600140309,$137.786K
92,11.866371847315131,$142.397K
93,11.908398832475031,$148.509K
94,11.814614609143877,$135.214K
95,12.012582301456101,$164.816K
96,11.425954216968174,$91.670K
97,11.468230526711661,$95.629K
98,11.683296268585448,$118.574K
99,11.33583433299869,$83.770K
100,11.911371320243706,$148.951K
101,11.726704553210805,$123.835K
102,11.924209399153714,$150.875K
103,11.76577117059147,$128.768K
104,12.036774518841101,$168.851K
105,11.906165160064312,$148.177K
106,12.428705684852757,$249.872K
107,11.384967509844673,$87.989K
108,12.461163669160802,$258.116K
109,11.830280377943632,$137.349K
110,12.008307049961815,$164.112K
111,11.774919398994037,$129.952K
112,11.959238469013908,$156.254K
113,12.400369319109895,$242.891K
114,11.725247066350395,$123.655K
115,12.359029286622008,$233.055K
116,12.529434328402225,$276.353K
117,12.19080727793775,$196.970K
118,11.958092793893137,$156.075K
119,11.872782419043872,$143.312K
120,12.30345782406824,$220.457K
121,12.062667263271106,$173.281K
122,11.865181476067782,$142.227K
123,12.676002184833164,$319.976K
124,12.392997914615545,$241.107K
125,11.970493520063929,$158.023K
126,11.25315715577772,$77.123K
127,11.644136562093575,$114.021K
128,11.982086467197542,$159.865K
129,11.528963660184672,$101.617K
130,11.960079382575321,$156.385K
131,11.502368513165424,$98.950K
132,11.788389559654647,$131.714K
133,11.92533445161264,$151.045K
134,11.830500009031933,$137.379K
135,11.632467276040911,$112.698K
136,12.295659850949837,$218.745K
137,12.091977750044887,$178.435K
138,12.305541569947561,$220.917K
139,12.163723728434764,$191.707K
140,12.152615787603661,$189.589K
141,11.207161859127304,$73.656K
142,11.759660038536735,$127.984K
143,11.383597893553205,$87.869K
144,12.54207834170031,$279.869K
145,12.51773485962302,$273.139K
146,12.151094541122264,$189.301K
147,12.206003582026346,$199.986K
148,12.427745009849893,$249.632K
149,12.203051343691172,$199.397K
150,12.016995236909793,$165.544K
151,11.890689203609613,$145.902K
152,12.148998550991482,$188.905K
153,12.13144428710233,$185.618K
154,11.935981959377871,$152.662K
155,11.592756640834683,$108.310K
156,11.410392388720783,$90.255K
157,11.573799384193673,$106.276K
158,11.81229828440657,$134.901K
159,11.987133069084205,$160.674K
160,12.044651355469371,$170.187K
161,11.866197226499015,$142.372K
162,12.039341766783517,$169.285K
163,12.580437103562815,$290.813K
164,12.333283649698561,$227.131K
165,11.753597708409082,$127.210K
166,12.160494565106607,$191.089K
167,12.237464593165086,$206.378K
168,12.648498616938834,$311.296K
169,12.177724563196273,$194.410K
170,12.74301009831097,$342.152K
171,12.373448709981766,$236.440K
172,12.372876549767309,$236.305K
173,12.197620354168302,$198.317K
174,12.231022851618556,$205.053K
175,12.229553172896928,$204.752K
176,12.077354890518098,$175.844K
177,12.275167043863739,$214.307K
178,12.264957722708719,$212.131K
179,12.20138090913034,$199.064K
180,12.578643110717566,$290.292K
181,12.187781961208405,$196.375K
182,12.516497643376834,$272.801K
183,12.441383023170896,$253.060K
184,12.478369206598739,$262.595K
185,12.497025487182448,$267.540K
186,12.127972050160238,$184.974K
187,12.109241957655755,$181.542K
188,11.87471364169304,$143.589K
189,12.005121583764144,$163.590K
190,11.70386223424515,$121.038K
191,11.8002355590928,$133.284K
192,11.711799845969612,$122.003K
193,11.727333399600125,$123.913K
194,11.983389357272621,$160.074K
195,12.019235171294934,$165.916K
196,11.96892720549815,$157.775K
197,11.995422852017242,$162.012K
198,11.992448263373593,$161.530K
199,11.820125804679382,$135.961K
200,12.030681016332998,$167.826K
201,13.089159315780645,$483.671K
202,12.910183782551865,$404.410K
203,12.884800980320463,$394.274K
204,13.183444011031298,$531.492K
205,12.702153791183566,$328.455K
206,12.710126732794961,$331.084K
207,12.89835685101788,$399.655K
208,12.82817199717385,$372.567K
209,12.729951120167009,$337.713K
210,12.821070867784691,$369.931K
211,12.532303417820552,$277.147K
212,13.032475124017957,$457.017K
213,12.673547489555238,$319.192K
214,12.486899774535539,$264.845K
215,12.229442693605357,$204.729K
216,12.243169214798272,$207.559K
217,12.309455438766125,$221.783K
218,13.044597916873379,$462.591K
219,12.880000226261746,$392.386K
220,12.709672276602966,$330.933K
221,12.474269852291254,$261.521K
222,12.673031065031259,$319.027K
223,12.18690858922426,$196.204K
224,12.264346302093664,$212.001K
225,12.230901016618429,$205.028K
226,12.182029056327284,$195.249K
227,12.222075752742672,$203.226K
228,12.297828258158393,$219.219K
229,12.325928077953403,$225.467K
230,12.37649384469728,$237.161K
231,12.321055427856521,$224.371K
232,12.65859428431773,$314.454K
233,12.202036352117695,$199.194K
234,12.236699364131214,$206.220K
235,12.145856014581433,$188.312K
236,12.638649228287015,$308.245K
237,12.187589684112893,$196.337K
238,12.777373329050539,$354.114K
239,12.819674695077865,$369.415K
240,12.479277749386657,$262.834K
241,12.578132841440226,$290.144K
242,12.492361928285263,$266.296K
243,12.530213318252938,$276.568K
244,12.617217049027612,$301.709K
245,12.53063493037781,$276.685K
246,12.924337262329761,$410.174K
247,12.364797955035389,$234.403K
248,12.306432179271805,$221.114K
249,12.624826251609013,$304.013K
250,12.411672322801211,$245.652K
251,12.655693725630883,$313.544K
252,12.560067967353671,$284.950K
253,12.604766336542887,$297.975K
254,12.403928531307928,$243.757K
255,12.350601421754671,$231.099K
256,12.191431183354563,$197.093K
257,12.219264563084874,$202.656K
258,11.89839314716782,$147.030K
259,12.314191342272029,$222.836K
260,12.509749973118879,$270.966K
261,12.147654571514831,$188.651K
262,11.843031859226912,$139.112K
263,12.08001046474191,$176.312K
264,12.319821329918017,$224.094K
265,12.462185291900731,$258.380K
266,12.236803600920005,$206.242K
267,11.989912601779299,$161.121K
268,12.278617808577366,$215.048K
269,12.096182632604767,$179.187K
270,12.118973013329677,$183.317K
271,11.862201276168365,$141.804K
272,11.884853263621647,$145.053K
273,11.712982413593679,$122.147K
274,11.790776705499038,$132.029K
275,11.987941642217368,$160.804K
276,11.767601632711704,$129.004K
277,12.724826065109568,$335.986K
278,12.457991259330381,$257.298K
279,12.552262539622525,$282.734K
280,12.322975983322266,$224.802K
281,12.208239943893947,$200.434K
282,12.109394754287209,$181.570K
283,12.203577589252253,$199.502K
284,12.729669102574693,$337.618K
285,12.275878932820445,$214.460K
286,12.269198674394303,$213.032K
287,12.377529855225998,$237.407K
288,12.44387617340638,$253.692K
289,12.052895262253994,$171.596K
290,11.834027208457538,$137.865K
291,12.580987178819388,$290.973K
292,11.754059098167357,$127.269K
293,11.969031921923424,$157.792K
294,12.284286804570543,$216.271K
295,12.131397960905776,$185.609K
296,11.915615864707279,$149.584K
297,11.782178773757382,$130.899K
298,12.004510293368474,$163.491K
299,12.088956701443486,$177.896K
300,12.116488473100919,$182.862K
301,11.92193267406075,$150.532K
302,12.166391458337472,$192.219K
303,12.212243524956431,$201.238K
304,11.712824189161932,$122.128K
305,12.079580032895574,$176.236K
306,12.251591031948477,$209.314K
307,12.447655262493065,$254.653K
308,11.930517793431376,$151.830K
309,12.19952620962545,$198.695K
310,12.101903601522181,$180.215K
311,11.681803425174932,$118.398K
312,11.862083271303533,$141.787K
313,11.811975496525925,$134.858K
314,11.92971252692795,$151.708K
315,11.979378445631372,$159.433K
316,11.835600572003038,$138.082K
317,11.706186821594013,$121.320K
318,11.942896684008202,$153.721K
319,11.779866259948557,$130.596K
320,12.258369143854393,$210.738K
321,11.811730451596176,$134.825K
322,11.489630944323782,$97.697K
323,11.971024290874155,$158.107K
324,11.651019924216971,$114.808K
325,11.773608254759313,$129.782K
326,11.925318383526326,$151.043K
327,12.175883225624581,$194.052K
328,11.25010056458852,$76.888K
329,11.578510536163773,$106.778K
330,11.34749378504196,$84.753K
331,12.296963946128994,$219.030K
332,12.050793081659037,$171.235K
333,11.914089393958482,$149.356K
334,12.084981480243204,$177.191K
335,11.843600646455641,$139.191K
336,11.931435862523374,$151.970K
337,11.769793309393943,$129.287K
338,11.752928940445177,$127.125K
339,11.689993699049003,$119.371K
340,11.82216806068531,$136.239K
341,11.803645920535066,$133.739K
342,11.924134497832938,$150.864K
343,11.985732278714314,$160.449K
344,11.9250557330583,$151.003K
345,11.973871301636706,$158.557K
346,11.890331950992678,$145.850K
347,11.920798523721103,$150.362K
348,11.802817047468414,$133.628K
349,11.756013195599508,$127.518K
350,11.940144189882044,$153.299K
351,11.578164677581043,$106.741K
352,11.525982223783915,$101.314K
353,11.775209057868572,$129.990K
354,11.571819206552643,$106.066K
355,11.03969467978192,$62.299K
356,11.70916760664578,$121.682K
357,11.635535128320516,$113.044K
358,12.006994865480328,$163.897K
359,11.901961334948156,$147.556K
360,11.376957387793926,$87.287K
361,11.816078635596018,$135.412K
362,12.056124159040557,$172.150K
363,11.06890615648938,$64.145K
364,11.83979431161676,$138.662K
365,11.909928046725936,$148.736K
366,11.646741591740104,$114.318K
367,11.54283952597142,$103.037K
368,11.881830984704258,$144.615K
369,11.870932768490098,$143.048K
370,11.952414386119194,$155.191K
371,11.943700045635772,$153.845K
372,11.335592971887543,$83.750K
373,12.008227342643426,$164.099K
374,11.901756163043341,$147.525K
375,11.693819015326568,$119.829K
376,11.787033107004001,$131.536K
377,11.42711173636184,$91.777K
378,11.8174286201361,$135.595K
379,11.798959194766876,$133.114K
380,11.893825654186287,$146.360K
381,11.827629053579926,$136.985K
382,11.525872858849109,$101.303K
383,11.788070465793139,$131.672K
384,11.984052775092316,$160.180K
385,11.902707428060111,$147.666K
386,12.049653135599112,$171.040K
387,12.070710565762855,$174.680K
388,11.062601085061662,$63.742K
389,11.755032695292059,$127.393K
390,11.735153889452189,$124.886K
391,12.008124279325369,$164.082K
392,11.869635787508429,$142.862K
393,11.82347692899793,$136.418K
394,12.128607609974575,$185.092K
395,12.011944890830883,$164.711K
396,12.420225493624466,$247.762K
397,11.884373544219702,$144.983K
398,11.9302255565189,$151.786K
399,11.795823779818342,$132.697K
400,11.971257835226664,$158.143K
401,11.800506302709671,$133.320K
402,12.909314671682395,$404.058K
403,12.901984601602118,$401.107K
404,12.902047922408872,$401.133K
405,12.791537584487944,$359.165K
406,12.814417921581382,$367.478K
407,12.460821509437425,$258.028K
408,12.676405628444858,$320.105K
409,12.356219899114144,$232.401K
410,12.430085681039294,$250.217K
411,12.5419512900313,$279.834K
412,12.212660052027765,$201.322K
413,12.425972525047435,$249.190K
414,12.012683179240277,$164.832K
415,12.272958394863338,$213.835K
416,12.265461771842466,$212.238K
417,12.3246747206638,$225.184K
418,12.320822439107774,$224.319K
419,11.789058329336966,$131.802K
420,11.906566990442897,$148.237K
421,12.468268512605853,$259.956K
422,12.540120306288273,$279.322K
423,12.226115822843784,$204.049K
424,12.29688670569099,$219.013K
425,12.43192321228532,$250.678K
426,12.635706966932185,$307.339K
427,12.390096122365488,$240.409K
428,12.63137993892476,$306.012K
429,12.148682104489051,$188.845K
430,11.732038945465135,$124.497K
431,11.97517344137371,$158.764K
432,11.578260028641498,$106.752K
433,11.822268019261283,$136.253K
434,11.806437188188461,$134.113K
435,11.819775642677758,$135.914K
436,11.824853883864654,$136.606K
437,11.685911381171115,$118.885K
438,11.821509590396083,$136.150K
439,12.043232313816464,$169.945K
440,12.011851117136047,$164.695K
441,11.997961499114636,$162.423K
442,11.79627081082489,$132.756K
443,12.344238693445444,$229.633K
444,11.823046965036202,$136.359K
445,12.248638877310402,$208.697K
446,11.941445776053575,$153.498K
447,12.253718324141806,$209.760K
448,11.776834789117132,$130.201K
449,11.975885231062588,$158.877K
450,11.875765409675813,$143.741K
451,12.294993607555085,$218.599K
452,12.638414499266357,$308.172K
453,11.964175966737919,$157.027K
454,11.389967303316784,$88.430K
455,12.609678360651648,$299.443K
456,10.631846476962806,$41.434K
457,12.51399088401655,$272.118K
458,11.98249313900466,$159.930K
459,12.216008286690307,$201.997K
460,12.00336463964961,$163.303K
461,12.89501716115253,$398.322K
462,12.707751512644652,$330.298K
463,12.489041180824032,$265.413K
464,12.41646617129453,$246.833K
465,12.278791431707157,$215.086K
466,12.872430152060879,$389.426K
467,11.890901353397691,$145.933K
468,12.088233732269092,$177.768K
469,11.825569556512828,$136.703K
470,11.880061763897164,$144.359K
471,11.98549333197612,$160.411K
472,11.940379299781142,$153.335K
473,12.140734776919786,$187.350K
474,12.185216003799042,$195.872K
475,12.149669692819778,$189.032K
476,12.202794648640765,$199.345K
477,12.205391335990825,$199.864K
478,12.149418012815921,$188.984K
479,12.414916175446741,$246.450K
480,12.200191949368442,$198.827K
481,12.144598162734471,$188.075K
482,12.242326876508502,$207.384K
483,12.312707981664307,$222.506K
484,12.823445562362362,$370.810K
485,12.847268733251246,$379.750K
486,11.687505737186964,$119.075K
487,12.5320100785554,$277.066K
488,12.13376102677843,$186.048K
489,12.549799658409283,$282.039K
490,12.277425673305938,$214.792K
491,12.509756149432306,$270.968K
492,12.366653870077641,$234.839K
493,12.20047139318089,$198.883K
494,12.211347888857935,$201.058K
495,11.88378213512857,$144.898K
496,12.865179524364365,$386.613K
497,12.018241536324837,$165.751K
498,12.7479124456367,$343.833K
499,11.961588735021547,$156.622K
500,11.691006441481136,$119.492K
501,11.811225390664596,$134.757K
502,11.664412872617877,$116.356K
503,11.7434665635528,$125.928K
504,11.685738665247937,$118.864K
505,12.018874237613861,$165.856K
506,11.993570399271478,$161.712K
507,12.617709611504392,$301.857K
508,13.008525184846794,$446.201K
509,12.862274582535075,$385.492K
510,12.909150714997597,$403.992K
511,13.20888968403139,$545.190K
512,12.89827904102085,$399.624K
513,12.640718906286184,$308.883K
514,12.799182428381906,$361.921K
515,13.324541109345688,$612.033K
516,12.574122398015817,$288.983K
517,12.810992328047133,$366.221K
518,12.79771166203692,$361.390K
519,12.726441254703646,$336.530K
520,12.216764564308036,$202.150K
521,12.748263307771797,$343.954K
522,12.352826165065771,$231.614K
523,12.286472308809506,$216.744K
524,12.150576222658861,$189.203K
525,12.414157915087117,$246.264K
526,12.367713039002568,$235.087K
527,12.25653372569159,$210.351K
528,12.216587718008904,$202.114K
529,12.33140961927231,$226.706K
530,12.408500600270319,$244.874K
531,12.387191873080475,$239.712K
532,12.38265682922014,$238.627K
533,12.260127211387935,$211.108K
534,12.447949118334968,$254.727K
535,12.235151879737359,$205.901K
536,12.493443101319484,$266.584K
537,12.75202136702973,$345.249K
538,12.638818126942837,$308.297K
539,12.59390338166304,$294.756K
540,12.760386426707381,$348.149K
541,12.68822337175806,$323.911K
542,12.522429623622974,$274.424K
543,12.566042104923369,$286.657K
544,12.673667194175565,$319.230K
545,12.461508938486201,$258.205K
546,12.40162024170154,$243.195K
547,12.573866270317552,$288.909K
548,12.350371173215258,$231.046K
549,12.284808219895474,$216.384K
550,12.306876930415012,$221.212K
551,11.984117921676091,$160.190K
552,12.193308928114067,$197.463K
553,12.163854407651431,$191.732K
554,12.227993598560055,$204.433K
555,12.301805336280802,$220.093K
556,12.253942224626476,$209.807K
557,12.280056240486733,$215.358K
558,11.833860836400667,$137.842K
559,11.965596030629184,$157.251K
560,11.649332491367808,$114.615K
561,11.610417011616711,$110.240K
562,12.190932947472229,$196.995K
563,11.95030770176899,$154.865K
564,12.668733223997215,$317.659K
565,12.904167138435518,$401.984K
566,12.157555056311608,$190.528K
567,12.071739293437659,$174.860K
568,11.98586072004397,$160.470K
569,12.122246478924993,$183.918K
570,12.605888865825392,$298.310K
571,12.491103847558986,$265.961K
572,12.552546880462607,$282.815K
573,12.549052724745174,$281.828K
574,12.177579765400125,$194.382K
575,12.394352302984196,$241.434K
576,12.350982100002616,$231.187K
577,12.367146366340371,$234.954K
578,12.812283290428391,$366.694K
579,12.339806683968991,$228.618K
580,12.69771635173484,$327.000K
581,12.700113588177825,$327.785K
582,12.356838354453636,$232.545K
583,12.219244901435076,$202.652K
584,12.178135344810482,$194.490K
585,12.405772108181225,$244.207K
586,11.991212601803205,$161.331K
587,11.942165190706346,$153.609K
588,12.007037595166242,$163.904K
589,11.981196676349182,$159.723K
590,12.18590319983206,$196.007K
591,11.730036706542462,$124.248K
592,11.79167265962367,$132.147K
593,12.043895533749112,$170.058K
594,11.642609853526928,$113.847K
595,11.949635989389765,$154.761K
596,12.06570320431528,$173.807K
597,11.743139899930462,$125.887K
598,12.326324379554439,$225.556K
599,11.882568934917845,$144.722K
600,12.16541075765831,$192.031K
601,12.190135864844397,$196.838K
602,11.786693048014378,$131.491K
603,11.777999392485315,$130.353K
604,11.834969914914144,$137.995K
605,11.750917589078366,$126.870K
606,12.102732189375915,$180.364K
607,11.770633272190551,$129.396K
608,11.982178986128208,$159.880K
609,11.417290709876385,$90.880K
610,11.726377905404329,$123.794K
611,11.578065739202376,$106.731K
612,11.95412661601852,$155.457K
613,11.947306534013421,$154.401K
614,12.266848611754394,$212.532K
615,11.96186823983138,$156.666K
616,11.750586302045122,$126.828K
617,12.004456255380521,$163.482K
618,11.773439769526714,$129.760K
619,11.9709996014722,$158.103K
620,11.824129255041994,$136.507K
621,11.825252435859046,$136.660K
622,11.682940799726413,$118.532K
623,11.917779306055422,$149.908K
624,11.704267979404587,$121.087K
625,11.775546430919643,$130.033K
626,11.767478094769313,$128.988K
627,11.875194158278337,$143.658K
628,11.571311828546024,$106.012K
629,11.504864881021891,$99.197K
630,11.8480235771423,$139.808K
631,11.6159450146585,$110.851K
632,11.815372834504567,$135.317K
633,11.70194257971913,$120.806K
634,11.739629251783542,$125.446K
635,11.990695933316065,$161.248K
636,11.48758828498215,$97.498K
637,11.639903203855958,$113.539K
638,11.934612431142833,$152.453K
639,11.075781720940663,$64.588K
640,11.256627482159749,$77.391K
641,11.66628226575968,$116.574K
642,11.961901626083446,$156.671K
643,11.6331014406665,$112.770K
644,11.952099016899687,$155.142K
645,11.835703706512987,$138.096K
646,11.050587951208582,$62.981K
647,12.254907025443625,$210.009K
648,11.754776056704536,$127.360K
649,11.658664828131645,$115.689K
650,11.740579161426812,$125.565K
651,12.062359258035407,$173.227K
652,11.827664668086218,$136.990K
653,11.799584562933948,$133.197K
654,11.867298955961196,$142.529K
655,12.060515038062066,$172.908K
656,11.748643967031654,$126.582K
657,11.90931679955461,$148.645K
658,11.84144007627769,$138.890K
659,11.786485963666266,$131.464K
660,11.868189291546347,$142.656K
661,11.444619931833254,$93.398K
662,11.705365745589566,$121.220K
663,11.455168677311299,$94.388K
664,12.053627709804191,$171.721K
665,11.879775059386459,$144.318K
666,11.922422661020066,$150.606K
667,12.078818494695405,$176.102K
668,11.840603205762514,$138.774K
669,11.488828110328448,$97.619K
670,11.79384153768515,$132.434K
671,12.002400091702434,$163.146K
672,11.731164808433439,$124.388K
673,11.841542595123638,$138.905K
674,11.872231770484257,$143.234K
675,11.675422018936345,$117.644K
676,11.21117800829017,$73.952K
677,11.612711174385801,$110.493K
678,11.928372504201695,$151.505K
679,12.070624862446877,$174.665K
680,11.957111490757184,$155.922K
681,12.186072064317528,$196.040K
682,11.828910435419541,$137.161K
683,11.993450151982259,$161.692K
684,11.757613646855157,$127.722K
685,11.984659792575984,$160.277K
686,12.116032731147282,$182.779K
687,11.888527785992641,$145.587K
688,11.957517948331807,$155.985K
689,12.082269684179032,$176.711K
690,12.394858114967473,$241.556K
691,11.844924480585782,$139.375K
692,12.078319118295001,$176.014K
693,12.208352283015078,$200.456K
694,11.612806641143436,$110.504K
695,11.933045803469943,$152.214K
696,12.558184958681556,$284.414K
697,12.445881838151557,$254.201K
698,12.468272977270667,$259.957K
699,12.397373290280619,$242.165K
700,12.260919984335326,$211.276K
701,12.53431047608483,$277.704K
702,12.903250478341988,$401.616K
703,12.91158914913541,$404.978K
704,12.554636696958493,$283.406K
705,12.280732254677599,$215.503K
706,12.064785661863368,$173.648K
707,12.370535409783201,$235.752K
708,12.272454864127079,$213.727K
709,12.249548918632938,$208.887K
710,12.378916045644889,$237.736K
711,12.105134991954948,$180.798K
712,11.895052531364685,$146.540K
713,12.170274177358774,$192.967K
714,12.399853473087322,$242.766K
715,12.682925950082328,$322.199K
716,12.696575163227052,$326.627K
717,12.45589366198054,$256.759K
718,12.382713233729593,$238.640K
719,11.946456527400343,$154.270K
720,12.244821240416176,$207.902K
721,12.255134384789509,$210.057K
722,12.39823428746584,$242.373K
723,12.262267137731442,$211.561K
724,11.741368300282174,$125.664K
725,11.892094905120732,$146.107K
726,12.05652054761805,$172.219K
727,12.159821586112432,$190.960K
728,12.111772325752192,$182.002K
729,12.795502929489194,$360.592K
730,11.279863451329938,$79.210K
731,11.354922966790124,$85.385K
732,11.461112693267339,$94.951K
733,11.691569984848295,$119.560K
734,11.700551135943856,$120.638K
735,11.581625405452705,$107.111K
736,11.658659183994548,$115.689K
737,11.778612837955377,$130.433K
738,12.115356142350794,$182.655K
739,12.28521341193097,$216.471K
740,11.894543478176576,$146.465K
741,11.897391006448501,$146.883K
742,12.339288351349222,$228.499K
743,11.80492005864599,$133.910K
744,12.0515066766887,$171.357K
745,11.671688196579217,$117.206K
746,11.820002197383719,$135.945K
747,12.263392636876867,$211.799K
748,12.491063377717122,$265.950K
749,12.225808779999195,$203.986K
750,11.826640961263662,$136.850K
751,11.782742759958158,$130.973K
752,11.887978407982352,$145.507K
753,11.707533040528226,$121.483K
754,11.916472940092579,$149.713K
755,11.65458046372909,$115.218K
756,11.96700270201552,$157.472K
757,11.216557325506782,$74.351K
758,11.6120343475706,$110.419K
759,11.493029745296145,$98.030K
760,11.425570156615638,$91.635K
761,12.616697827853006,$301.552K
762,12.526560578733012,$275.560K
763,12.688553934544203,$324.018K
764,12.410389827991116,$245.337K
765,11.777664375811199,$130.309K
766,12.174799330706723,$193.842K
767,12.332984958612318,$227.063K
768,12.592980655383329,$294.484K
769,12.5243815301667,$274.960K
770,12.0007623713635,$162.879K
771,12.362979379332238,$233.977K
772,12.231257448400303,$205.101K
773,12.179177463851964,$194.693K
774,12.55291937566048,$282.920K
775,12.409023051175877,$245.002K
776,12.563163521595493,$285.833K
777,12.766568992632415,$350.308K
778,12.309642417469078,$221.825K
779,11.763300502267047,$128.451K
780,12.072324731903713,$174.962K
781,12.01349864013179,$164.967K
782,11.831083716242695,$137.459K
783,11.920225485405854,$150.275K
784,11.723283980811338,$123.412K
785,11.673829690185816,$117.457K
786,11.94891873419158,$154.650K
787,11.876841747450705,$143.895K
788,11.822492778551556,$136.284K
789,11.825139579162744,$136.645K
790,11.876375042399365,$143.828K
791,11.512724297984432,$99.980K
792,12.169981342407434,$192.910K
793,12.06346775611193,$173.419K
794,12.185456835346685,$195.919K
795,12.238554596296261,$206.603K
796,12.17555841183093,$193.989K
797,12.361093289122593,$233.536K
798,12.151856970543646,$189.446K
799,12.193596986539259,$197.520K
800,11.86517658247861,$142.227K
801,12.231610665954594,$205.173K
802,12.234081880451,$205.681K
803,12.909185608089793,$404.006K
804,13.224944582192364,$554.014K
805,12.035725285679588,$168.674K
806,12.581758199843481,$291.198K
807,12.733794511892539,$339.013K
808,13.007277678909329,$445.645K
809,12.074527630167712,$175.348K
810,12.320490626616186,$224.244K
811,12.367997497480172,$235.154K
812,12.449529700441623,$255.130K
813,12.11950042028748,$183.414K
814,12.1807244988474,$194.994K
815,12.08094251128534,$176.476K
816,12.312012176150995,$222.351K
817,12.249007164082443,$208.774K
818,11.993438869999386,$161.690K
819,11.846523868700963,$139.598K
820,11.744980675061765,$126.119K
821,12.13391631313688,$186.077K
822,12.199407954998678,$198.671K
823,11.77627959797955,$130.129K
824,11.82070306230477,$136.040K
825,11.951157675496813,$154.996K
826,11.813628797711178,$135.081K
827,12.868936332825744,$388.068K
828,12.582862911221637,$291.520K
829,12.78921524712898,$358.332K
830,13.022250747259283,$452.368K
831,12.78811172234887,$357.937K
832,13.048158569317742,$464.241K
833,13.09634261448904,$487.157K
834,12.94128999369587,$417.187K
835,13.160992020613755,$519.692K
836,12.522123894638831,$274.340K
837,12.806673834050633,$364.643K
838,12.80026827567299,$362.315K
839,12.89505662395588,$398.338K
840,12.73525119895502,$339.507K
841,12.7722753704343,$352.313K
842,12.478192965350479,$262.549K
843,12.500201904022969,$268.391K
844,12.476875153482595,$262.203K
845,12.261280587935332,$211.352K
846,12.234210356836442,$205.707K
847,12.300027965150608,$219.702K
848,12.388044122706376,$239.916K
849,12.607062300333036,$298.660K
850,12.322875081451905,$224.779K
851,12.309109184473531,$221.706K
852,12.218361379057448,$202.473K
853,12.206511498821893,$200.088K
854,12.22401228107889,$203.620K
855,12.241149125266105,$207.140K
856,12.362004443001975,$233.749K
857,12.277336559581713,$214.773K
858,12.221678203544664,$203.146K
859,12.251478438942643,$209.290K
860,12.256889144991348,$210.426K
861,12.488807275401234,$265.351K
862,12.293593855564897,$218.293K
863,12.237239446616737,$206.332K
864,12.308319371607025,$221.531K
865,12.411208169815254,$245.538K
866,12.253026738724857,$209.615K
867,12.349290279529804,$230.796K
868,12.446268144170556,$254.300K
869,12.277447069656784,$214.797K
870,12.23453871304801,$205.775K
871,12.80672200192135,$364.660K
872,12.96059320535284,$425.318K
873,12.759109436531691,$347.705K
874,12.496216068244912,$267.324K
875,12.635670672614928,$307.328K
876,12.635564551918172,$307.295K
877,12.281164371501685,$215.597K
878,12.576598294353392,$289.699K
879,12.422403256050575,$248.303K
880,12.958069904007568,$424.246K
881,12.40756634679563,$244.646K
882,12.475879070035848,$261.942K
883,12.444906898105858,$253.954K
884,12.38390171553637,$238.924K
885,12.43941093622765,$252.562K
886,12.380072764716656,$238.011K
887,12.282061638895065,$215.790K
888,12.507177400581256,$270.270K
889,12.163848047217215,$191.731K
890,12.80711013643681,$364.802K
891,12.519723475411386,$273.682K
892,12.5633397628498,$285.884K
893,12.509489374085886,$270.896K
894,11.919681494932156,$150.194K
895,11.975755185441137,$158.856K
896,12.05107012415658,$171.283K
897,12.280507747033727,$215.455K
898,12.273847767949285,$214.025K
899,11.868397294764016,$142.685K
900,11.797418755176821,$132.909K
901,11.964260073914684,$157.041K
902,12.567669471878759,$287.124K
903,11.988705269432707,$160.927K
904,12.134389288213816,$186.165K
905,12.451890638296131,$255.733K
906,12.306623201134524,$221.156K
907,12.416222435833786,$246.773K
908,12.35416479063519,$231.924K
909,12.357077344102388,$232.600K
910,12.145159889181404,$188.181K
911,12.091650106532484,$178.376K
912,12.248705838796369,$208.711K
913,12.711143229424806,$331.420K
914,12.742413126760482,$341.948K
915,12.448137572162741,$254.775K
916,12.628362842286124,$305.090K
917,12.775106451217496,$353.312K
918,12.064828712783797,$173.655K
919,12.336993792917948,$227.976K
920,12.113889473215771,$182.388K
921,12.16561268793693,$192.070K
922,12.436691747274056,$251.876K
923,12.32484654921344,$225.223K
924,12.512474557032526,$271.706K
925,12.195179509534034,$197.833K
926,11.91218463522218,$149.072K
927,11.891977627281808,$146.090K
928,11.72033873323953,$123.049K
929,11.785540041864765,$131.339K
930,12.007008905134473,$163.900K
931,11.955920356057046,$155.736K
932,11.732726195091635,$124.583K
933,12.185545659393272,$195.936K
934,11.897973403218685,$146.968K
935,12.36064606743503,$233.432K
936,12.014942892358654,$165.205K
937,12.396695226361755,$242.001K
938,11.881910156855536,$144.627K
939,11.192257501292653,$72.566K
940,11.28828762701271,$79.881K
941,11.841921476012025,$138.957K
942,11.92676866561806,$151.262K
943,11.964860617863467,$157.135K
944,12.065640177728211,$173.796K
945,12.119448882382997,$183.404K
946,11.988691835149346,$160.925K
947,11.87979319896662,$144.321K
948,12.076760443966153,$175.740K
949,11.787105155089368,$131.545K
950,12.191313108566112,$197.070K
951,11.712890980586259,$122.136K
952,11.98995357165915,$161.128K
953,11.807789421421827,$134.294K
954,11.984683558753453,$160.281K
955,11.8964546652035,$146.745K
956,11.816059016596604,$135.410K
957,11.906192012017861,$148.181K
958,11.881784767349096,$144.608K
959,11.815724116444986,$135.364K
960,11.779011459148517,$130.485K
961,11.707490583727335,$121.478K
962,11.656167392104855,$115.401K
963,11.715021275090026,$122.397K
964,12.084227605866289,$177.057K
965,12.2496139951134,$208.901K
966,11.819551840140992,$135.883K
967,11.77806703419631,$130.362K
968,12.1826747754132,$195.375K
969,11.751793132708347,$126.981K
970,11.90582010040805,$148.126K
971,11.686168460116953,$118.916K
972,11.961624332687428,$156.627K
973,11.921047162584333,$150.399K
974,11.850690646933877,$140.181K
975,11.933180232991592,$152.235K
976,11.772418669630568,$129.627K
977,11.706036139514776,$121.302K
978,11.852143230797987,$140.385K
979,11.698634403655571,$120.407K
980,11.836473468409636,$138.202K
981,11.631816585333628,$112.625K
982,11.638043005816867,$113.328K
983,11.923473049637522,$150.764K
984,11.909465920009144,$148.667K
985,11.553881638409191,$104.181K
986,11.911004206163756,$148.896K
987,12.2096148398259,$200.710K
988,11.855105567499596,$140.801K
989,11.79572961612081,$132.685K
990,12.016825585105297,$165.516K
991,11.823079154859876,$136.363K
992,12.210572630933454,$200.902K
993,11.597525493930743,$108.828K
994,11.802975329626205,$133.649K
995,11.783318314647556,$131.048K
996,11.922697321568496,$150.647K
997,11.866226686641593,$142.376K
998,11.861858196032184,$141.755K
999,11.688406069404849,$119.182K
1000,12.002801266841768,$163.211K
1001,11.862644062269869,$141.867K
1002,11.886327102859173,$145.267K
1003,11.858774624354398,$141.319K
1004,12.118604285634513,$183.250K
1005,11.890499993071884,$145.874K
1006,11.784527195291194,$131.206K
1007,12.03853722345167,$169.149K
1008,11.431812902200562,$92.209K
1009,11.33047529445125,$83.323K
1010,12.289107364762913,$217.316K
1011,12.36900570863655,$235.392K
1012,11.999676347344476,$162.702K
1013,11.705707376290482,$121.262K
1014,11.320536303940173,$82.499K
1015,12.423462444598343,$248.566K
1016,11.698564681811401,$120.399K
1017,11.773303933528549,$129.742K
1018,11.998187020085535,$162.460K
1019,11.612358574100815,$110.454K
1020,12.01670707014485,$165.497K
1021,11.829560554061118,$137.250K
1022,11.883327357172568,$144.832K
1023,11.702258342694474,$120.844K
1024,11.829375349203284,$137.225K
1025,11.88727887076642,$145.405K
1026,11.953262699898247,$155.323K
1027,12.169734268257043,$192.863K
1028,12.197763913942754,$198.345K
1029,12.022422181683051,$166.445K
1030,11.977181549278864,$159.083K
1031,11.659075842252653,$115.737K
1032,12.29329904727469,$218.229K
1033,12.079868763129799,$176.287K
1034,11.95633220312502,$155.801K
1035,11.463550232596464,$95.182K
1036,12.48588970310723,$264.578K
1037,12.04454167212852,$170.168K
1038,11.668927916084709,$116.883K
1039,11.471334023943133,$95.926K
1040,11.784788730077103,$131.241K
1041,11.977875268346864,$159.193K
1042,11.945568463976793,$154.133K
1043,11.542472205677985,$102.999K
1044,11.996051198056215,$162.113K
1045,12.406468262120047,$244.377K
1046,12.574798316409474,$289.178K
1047,12.670064677454961,$318.082K
1048,12.583169598283837,$291.609K
1049,12.396574877692323,$241.971K
1050,12.414461295055204,$246.338K
1051,12.179332170706509,$194.723K
1052,12.297405346596648,$219.127K
1053,12.456550077504186,$256.928K
1054,12.658095386877912,$314.298K
1055,11.965348001833874,$157.212K
1056,12.201663857800426,$199.120K
1057,11.969812475730269,$157.915K
1058,12.042711277472767,$169.857K
1059,12.386630872654521,$239.577K
1060,12.385580508581587,$239.326K
1061,12.247574273964513,$208.475K
1062,12.424027367773402,$248.706K
1063,11.78404315271627,$131.143K
1064,11.922825519766526,$150.667K
1065,12.00421288924632,$163.442K
1066,11.897891622456124,$146.956K
1067,11.79467960007262,$132.545K
1068,11.85617863650029,$140.953K
1069,11.912416389013021,$149.107K
1070,11.844541197034268,$139.322K
1071,12.494017788022175,$266.737K
1072,12.421226672680048,$248.011K
1073,12.289591226261667,$217.421K
1074,12.447552615029466,$254.626K
1075,12.65945565862501,$314.725K
1076,12.452210822988734,$255.815K
1077,12.428066609307566,$249.713K
1078,12.242836301203521,$207.490K
1079,12.274407656530206,$214.145K
1080,12.221829482492959,$203.176K
1081,12.248303261701361,$208.627K
1082,12.091825816934982,$178.408K
1083,11.766088784524587,$128.809K
1084,11.7440856538136,$126.006K
1085,11.901248668321358,$147.451K
1086,11.849926264870305,$140.074K
1087,12.006452070384134,$163.808K
1088,12.108380446012916,$181.386K
1089,12.069139855438525,$174.406K
1090,14.082711546240052,$1306.303K
1091,11.993637943208899,$161.723K
1092,11.937215352140132,$152.850K
1093,11.339809392768649,$84.104K
1094,11.46881292209611,$95.685K
1095,11.843455087606962,$139.171K
1096,11.627203628931056,$112.106K
1097,11.648221062127018,$114.488K
1098,11.938584795408495,$153.060K
1099,11.779661035904308,$130.570K
1100,11.973126691830641,$158.439K
1101,11.984978523560077,$160.328K
1102,11.8132219046201,$135.026K
1103,11.872744035604967,$143.307K
1104,12.249869434130499,$208.954K
1105,11.873278416851402,$143.384K
1106,11.893910740575084,$146.373K
1107,11.814782257992034,$135.237K
1108,12.171161141682981,$193.138K
1109,12.346738231324188,$230.208K
1110,11.827487890596007,$136.966K
1111,12.111420089072372,$181.938K
1112,12.054432532767619,$171.859K
1113,12.283450282903914,$216.090K
1114,12.657579833957366,$314.136K
1115,11.94595800343551,$154.193K
1116,11.76018339497276,$128.051K
1117,11.843513299069116,$139.179K
1118,11.57690022929668,$106.607K
1119,11.106340593138928,$66.592K
1120,11.688215889033916,$119.159K
1121,11.798782436346443,$133.090K
1122,11.928245724842313,$151.486K
1123,12.533715102432103,$277.539K
1124,12.224487854500351,$203.717K
1125,12.243658974856022,$207.660K
1126,12.376032287731402,$237.051K
1127,12.308618336649763,$221.598K
1128,11.974381624331652,$158.638K
1129,12.076958739131076,$175.775K
1130,12.358067283763386,$232.831K
1131,12.485339416793687,$264.432K
1132,12.3591319279769,$233.079K
1133,12.543672727314327,$280.316K
1134,12.276492503818863,$214.592K
1135,12.37552984966022,$236.932K
1136,12.715635273508003,$332.913K
1137,12.271772914674902,$213.581K
1138,12.703344361271476,$328.846K
1139,12.848272470736333,$380.131K
1140,11.570112733669676,$105.885K
1141,12.014922910768181,$165.202K
1142,11.53538291706453,$102.271K
1143,11.62163045827569,$111.483K
1144,11.553521046646548,$104.143K
1145,11.525472966661397,$101.263K
1146,11.980147501232203,$159.556K
1147,12.451517268584599,$255.638K
1148,12.24854259871091,$208.677K
1149,12.215235667042608,$201.841K
1150,11.694233909688851,$119.878K
1151,11.615932944266262,$110.850K
1152,12.07940516287471,$176.205K
1153,11.930895822950387,$151.888K
1154,11.824350212558134,$136.537K
1155,12.120326564686966,$183.565K
1156,12.02518971268879,$166.907K
1157,12.170238159603047,$192.960K
1158,12.268225071203364,$212.825K
1159,12.279849521125161,$215.313K
1160,12.257122187618322,$210.475K
1161,12.17823023786946,$194.508K
1162,12.207128959532891,$200.211K
1163,12.47054079441526,$260.548K
1164,12.757977105456266,$347.311K
1165,12.617633178412195,$301.834K
1166,12.229190359810792,$204.677K
1167,12.086527258107289,$177.465K
1168,13.044023547708473,$462.325K
1169,13.218050491499254,$550.207K
1170,12.866507380428473,$387.127K
1171,13.171387752550897,$525.123K
1172,13.008210471278609,$446.061K
1173,12.597486492383979,$295.814K
1174,12.986585895364502,$436.518K
1175,12.108869063867722,$181.474K
1176,12.220850419726982,$202.978K
1177,12.249748659374449,$208.929K
1178,12.635297257465428,$307.213K
1179,12.229403622409919,$204.721K
1180,12.042880032727375,$169.886K
1181,11.664595410822326,$116.378K
1182,12.20817144367593,$200.420K
1183,11.735071501229307,$124.875K
1184,11.843699853706504,$139.205K
1185,11.824409420583176,$136.545K
1186,11.674466655076966,$117.532K
1187,11.758087061010713,$127.783K
1188,12.019543085252394,$165.967K
1189,12.076211381294865,$175.643K
1190,11.994557643594614,$161.871K
1191,12.008317621399947,$164.114K
1192,13.002247802600184,$443.409K
1193,12.50310988936822,$269.173K
1194,12.493586722364899,$266.622K
1195,12.940384764575562,$416.810K
1196,12.802685676386446,$363.192K
1197,12.84021891767064,$377.082K
1198,12.703735018745409,$328.974K
1199,12.723499613067641,$335.541K
1200,12.906564256483435,$402.949K
1201,12.788739535737385,$358.162K
1202,12.82854172933553,$372.705K
1203,12.656763034189625,$313.879K
1204,12.588675310400905,$293.219K
1205,12.729969443837529,$337.719K
1206,12.60033844958793,$296.659K
1207,12.238475163843962,$206.587K
1208,12.26642007910932,$212.441K
1209,12.228049101812395,$204.444K
1210,12.675465831943791,$319.805K
1211,12.283397893351218,$216.079K
1212,12.330940201351122,$226.600K
1213,12.313235676984773,$222.623K
1214,12.31627471334604,$223.301K
1215,12.16083013179546,$191.153K
1216,12.348555670329414,$230.627K
1217,12.32907251818245,$226.177K
1218,12.586088916944757,$292.462K
1219,12.633393306257233,$306.629K
1220,12.61242395718336,$300.266K
1221,13.023859555394711,$453.096K
1222,12.804089260011594,$363.702K
1223,13.322579587571031,$610.833K
1224,12.743500356466482,$342.320K
1225,12.833317655361116,$374.489K
1226,12.525222963005932,$275.192K
1227,12.721237958381874,$334.783K
1228,12.398946967037693,$242.546K
1229,12.34968783888858,$230.888K
1230,13.083630241466803,$481.004K
1231,12.234653159548717,$205.799K
1232,11.94039966367194,$153.338K
1233,12.325789844099262,$225.436K
1234,11.96432287768511,$157.051K
1235,12.29786817356831,$219.228K
1236,12.26082372084285,$211.256K
1237,12.20265044163265,$199.317K
1238,12.347317678258356,$230.341K
1239,12.111668626557247,$181.983K
1240,12.016055711594344,$165.389K
1241,12.16211515370485,$191.399K
1242,11.83200718252971,$137.586K
1243,11.996549369135415,$162.194K
1244,11.930994439469806,$151.903K
1245,11.74478610261217,$126.094K
1246,11.786222023787097,$131.429K
1247,11.9461813929381,$154.227K
1248,11.819494456732883,$135.876K
1249,11.644407134319778,$114.052K
1250,11.852651097331545,$140.456K
1251,12.216049841798311,$202.005K
1252,12.896917135263358,$399.080K
1253,12.137140845653692,$186.678K
1254,12.068822190354648,$174.350K
1255,12.082794702586778,$176.804K
1256,12.079468089406099,$176.216K
1257,12.249909505867015,$208.962K
1258,12.410374762719508,$245.334K
1259,12.082138818055956,$176.688K
1260,12.303786617951664,$220.529K
1261,11.919777308634822,$150.208K
1262,12.166252780196881,$192.193K
1263,12.06008721868869,$172.834K
1264,11.864681952835646,$142.156K
1265,11.876850427466861,$143.897K
1266,11.971250751803087,$158.142K
1267,12.126932756165301,$184.782K
1268,12.29702566765056,$219.044K
1269,12.033788072105434,$168.348K
1270,11.981665072628127,$159.798K
1271,11.983706950609493,$160.125K
1272,11.830519026293068,$137.382K
1273,12.07080188954411,$174.696K
1274,12.009565823912464,$164.319K
1275,11.889574322287359,$145.739K
1276,11.889422583224208,$145.717K
1277,11.737603805271366,$125.192K
1278,11.938971993263348,$153.119K
1279,12.084804837111523,$177.159K
1280,11.932855412812845,$152.185K
1281,11.948494429706319,$154.584K
1282,12.124421273585856,$184.319K
1283,12.035751336423523,$168.679K
1284,12.131530858137477,$185.634K
1285,11.980620216807296,$159.631K
1286,11.852402521229731,$140.421K
1287,12.050478997133608,$171.181K
1288,11.845618623257,$139.472K
1289,11.88265179501121,$144.734K
1290,11.835495531298726,$138.067K
1291,11.885542257870222,$145.153K
1292,12.29689593727927,$219.015K
1293,11.9414915828937,$153.505K
1294,12.324277308722078,$225.095K
1295,11.938142175378218,$152.992K
1296,11.562222910032107,$105.053K
1297,11.317797585695088,$82.273K
1298,11.669873173810636,$116.993K
1299,12.056976410193219,$172.297K
1300,11.751441081315425,$126.936K
1301,11.952214318009062,$155.160K
1302,11.928674008414355,$151.550K
1303,12.266664592968645,$212.493K
1304,12.162877124839415,$191.545K
1305,12.72192930746423,$335.015K
1306,11.840084562082005,$138.702K
1307,11.431380649601138,$92.169K
1308,11.74498167358823,$126.119K
1309,11.79346174417508,$132.384K
1310,12.035642924850972,$168.660K
1311,11.760838387734896,$128.135K
1312,11.691235001520038,$119.520K
1313,12.11558949743402,$182.698K
1314,11.925377353395413,$151.052K
1315,11.720068715454076,$123.016K
1316,12.00235405147001,$163.138K
1317,12.138813577679173,$186.991K
1318,11.767666917556046,$129.013K
1319,11.763923100496818,$128.531K
1320,11.550117852052516,$103.789K
1321,11.58980747805824,$107.991K
1322,11.610283553488348,$110.226K
1323,11.541014976011613,$102.849K
1324,11.861279377752588,$141.673K
1325,11.975001683820523,$158.737K
1326,11.372175494313964,$86.871K
1327,11.886696682177318,$145.320K
1328,11.373433508383096,$86.980K
1329,12.15758055511954,$190.533K
1330,11.578209857231613,$106.746K
1331,11.71685671604181,$122.621K
1332,11.27280133912786,$78.653K
1333,11.933998166039224,$152.360K
1334,11.501590096942078,$98.873K
1335,11.77959583744336,$130.561K
1336,11.50550560553472,$99.261K
1337,12.351752243608107,$231.365K
1338,11.705918384950806,$121.287K
1339,11.758763757553856,$127.869K
1340,11.240858107707346,$76.180K
1341,11.691808352505777,$119.588K
1342,11.841579474153917,$138.910K
1343,12.090938777774648,$178.249K
1344,11.884211017865622,$144.960K
1345,11.67326351132121,$117.391K
1346,11.494486291638724,$98.173K
1347,12.121642760986425,$183.807K
1348,12.041801886130582,$169.702K
1349,11.843611980351245,$139.192K
1350,11.81266207028252,$134.950K
1351,12.135773720185718,$186.423K
1352,12.15326891498175,$189.713K
1353,12.127703472487692,$184.925K
1354,12.052546477929324,$171.536K
1355,11.604281794490767,$109.566K
1356,12.43121562324676,$250.500K
1357,12.051160826693362,$171.298K
1358,11.933134136211157,$152.228K
1359,12.214682554295237,$201.729K
1360,11.877561382148215,$143.999K
1361,11.691397070367461,$119.539K
1362,12.30160430410636,$220.049K
1363,12.765130717068363,$349.805K
1364,12.179466297805881,$194.749K
1365,12.123245808087617,$184.102K
1366,11.936858628393347,$152.796K
1367,11.934546118404512,$152.443K
1368,12.361290921222267,$233.583K
1369,12.511783280991548,$271.518K
1370,12.392159608481911,$240.905K
1371,12.160273246755377,$191.047K
1372,12.440291589335999,$252.784K
1373,12.667108036298732,$317.143K
1374,12.36468402536183,$234.376K
1375,12.39777915448997,$242.263K
1376,12.277608710960632,$214.831K
1377,12.01529228376327,$165.263K
1378,11.963676541284027,$156.949K
1379,12.201559747598978,$199.099K
1380,12.305723227016992,$220.957K
1381,12.301287312063067,$219.979K
1382,12.435749781580231,$251.639K
1383,12.025618201930932,$166.978K
1384,12.177617817165494,$194.389K
1385,11.839236278950231,$138.585K
1386,12.34181933992311,$229.078K
1387,12.310430703194132,$222.000K
1388,12.380041821000692,$238.004K
1389,12.2924703957205,$218.048K
1390,12.67332562216399,$319.121K
1391,12.424523442919368,$248.830K
1392,12.490687447603264,$265.850K
1393,12.446094362667447,$254.255K
1394,11.986290330995406,$160.539K
1395,12.315635740310729,$223.158K
1396,12.298095298277627,$219.278K
1397,12.260936989558106,$211.279K
1398,12.342422785239153,$229.217K
1399,11.728359522829667,$124.040K
1400,11.785966769720783,$131.395K
1401,11.772554108393475,$129.645K
1402,12.348962964778703,$230.721K
1403,11.862602191872046,$141.861K
1404,12.532541666705807,$277.213K
1405,11.981382926812756,$159.753K
1406,12.051989568524647,$171.440K
1407,11.690770520356644,$119.464K
1408,11.606610797544702,$109.821K
1409,11.577919867346914,$106.715K
1410,11.77753687465923,$130.292K
1411,11.371020254193382,$86.770K
1412,11.018253293151036,$60.977K
1413,11.532181168738084,$101.944K
1414,11.94525158725331,$154.084K
1415,11.741347047239376,$125.661K
1416,12.230969962451608,$205.042K
1417,11.946788064782396,$154.321K
1418,11.948435763871789,$154.575K
1419,11.84960405653417,$140.029K
1420,11.641196879691975,$113.686K
1421,11.845003512768216,$139.386K
1422,12.020049307482697,$166.051K
1423,12.203920089679702,$199.570K
1424,12.278802014186379,$215.088K
1425,12.146380433419996,$188.411K
1426,12.350160824053113,$230.997K
1427,11.554585169408444,$104.254K
1428,12.019563263095371,$165.970K
1429,11.153925733614606,$69.837K
1430,11.482677396439525,$97.020K
1431,11.917921640978856,$149.930K
1432,11.1587567207239,$70.176K
1433,11.526100112776344,$101.326K
1434,11.150294285873889,$69.584K
1435,12.713043132384506,$332.051K
1436,12.567411562561873,$287.050K
1437,12.35870248839116,$232.979K
1438,12.073408161140673,$175.152K
1439,12.392643667462096,$241.022K
1440,12.061543911037312,$173.086K
1441,12.326747086857317,$225.652K
1442,12.305114083222517,$220.822K
1443,12.813572259005623,$367.167K
1444,12.856638842501965,$383.325K
1445,11.34558478360077,$84.591K
1446,12.34605195787193,$230.050K
1447,11.77567503079722,$130.050K
1448,11.937643390669546,$152.916K
1449,12.085288432222075,$177.245K
1450,11.488165219879962,$97.554K
1451,11.47491386042742,$96.270K
1452,12.046674082909306,$170.531K
1453,11.453879035349836,$94.266K
1454,11.44618657512573,$93.544K
1455,11.556877707092141,$104.493K
1456,11.453453398136698,$94.226K
1457,12.050416943470154,$171.171K
1458,11.764290667352899,$128.578K
1459,12.485721009445582,$264.533K
